TEST_PARAM.comment:,18650

SourceMeter Model:,2450
SourceMeter S/N:,00000000
SourceMeter Firmware:,1.7.1e

TEST_PARAM.terminals:,FRONT TERMINALS

TEST_PARAM.initial_voc:,4.1914849281
TEST_PARAM.vcutoff:,3

TEST_PARAM.discharge_type:,CONSTANT
TEST_PARAM.discharge_current:,1
TEST_PARAM.max_discharge_current:,1

TEST_PARAM.measure_interval:,10

TEST_PARAM.discharge_start_time:,07/03/20 14:51:05
TEST_PARAM.discharge_stop_time:,07/03/20 16:59:55

BATT_MODEL_RAW:,Index,Timestamp,Voc,Vload,ESR
BATT_MODEL_RAW:,1,0.04147066,4.1869735718,3.9285964966,0.2583770752
BATT_MODEL_RAW:,2,10.04163994,4.1751747131,3.9447231293,0.23045158386
BATT_MODEL_RAW:,3,20.04195438,4.1686229706,3.95063591,0.21798706055
BATT_MODEL_RAW:,4,30.04289712,4.1635017395,3.9475860596,0.21591567993
BATT_MODEL_RAW:,5,40.04404116,4.1592350006,3.9434394836,0.21579551697
BATT_MODEL_RAW:,6,50.04481626,4.1554431915,3.9393730164,0.21607017517
BATT_MODEL_RAW:,7,60.04562628,4.152048111,3.9423675537,0.20968055725
BATT_MODEL_RAW:,8,70.04634302,4.1489944458,3.9473381042,0.20165634155
BATT_MODEL_RAW:,9,80.04716334,4.1461925507,3.9474830627,0.19870948792
BATT_MODEL_RAW:,10,90.04737856,4.1436023712,3.9476509094,0.19595146179
BATT_MODEL_RAW:,11,100.04829772,4.1411247253,3.9458198547,0.19530487061
BATT_MODEL_RAW:,12,110.04906084,4.1387672424,3.9439659119,0.19480133057
BATT_MODEL_RAW:,13,120.05018826,4.1364307404,3.9417533875,0.19467735291
BATT_MODEL_RAW:,14,130.05060916,4.1343212128,3.9396514893,0.19466972351
BATT_MODEL_RAW:,15,140.05131596,4.1321258545,3.9372825623,0.19484329224
BATT_MODEL_RAW:,16,150.05158634,4.1300601959,3.936498642,0.19356155396
BATT_MODEL_RAW:,17,160.05184474,4.1280403137,3.9346523285,0.19338798523
BATT_MODEL_RAW:,18,170.05213434,4.126077652,3.9331703186,0.19290733337
BATT_MODEL_RAW:,19,180.05308966,4.1241550446,3.9298915863,0.19426345825
BATT_MODEL_RAW:,20,190.0534611,4.1222476959,3.926448822,0.1957988739
BATT_MODEL_RAW:,21,200.05388696,4.1203632355,3.9248046875,0.19555854797
BATT_MODEL_RAW:,22,210.05503024,4.1184978485,3.9234809875,0.19501686096
BATT_MODEL_RAW:,23,220.05631474,4.1166706085,3.9226894379,0.19398117065
BATT_MODEL_RAW:,24,230.05749754,4.1148509979,3.9226436615,0.19220733643
BATT_MODEL_RAW:,25,240.05781516,4.1130599976,3.9208621979,0.19219779968
BATT_MODEL_RAW:,26,250.05833834,4.1112728119,3.920091629,0.19118118286
BATT_MODEL_RAW:,27,260.0593152,4.1094818115,3.9175071716,0.19197463989
BATT_MODEL_RAW:,28,270.0603908,4.1077346802,3.9156265259,0.1921081543
BATT_MODEL_RAW:,29,280.06080194,4.1059894562,3.9137516022,0.192237854
BATT_MODEL_RAW:,30,290.06188338,4.1043128967,3.912569046,0.19174385071
BATT_MODEL_RAW:,31,300.0624175,4.1025085449,3.9104347229,0.19207382202
BATT_MODEL_RAW:,32,310.06318338,4.1007957458,3.9093151093,0.1914806366
BATT_MODEL_RAW:,33,320.06411186,4.0991306305,3.9074039459,0.19172668457
BATT_MODEL_RAW:,34,330.06466198,4.0974674225,3.9059638977,0.19150352478
BATT_MODEL_RAW:,35,340.06544256,4.095664978,3.9031410217,0.1925239563
BATT_MODEL_RAW:,36,350.06640894,4.0939750671,3.9018592834,0.19211578369
BATT_MODEL_RAW:,37,360.06768308,4.0922851563,3.9014205933,0.19086456299
BATT_MODEL_RAW:,38,370.0684368,4.090593338,3.9005413055,0.19005203247
BATT_MODEL_RAW:,39,380.06939068,4.0889205933,3.8992424011,0.18967819214
BATT_MODEL_RAW:,40,390.0699098,4.087266922,3.8982963562,0.1889705658
BATT_MODEL_RAW:,41,400.0707351,4.0855998993,3.8961029053,0.18949699402
BATT_MODEL_RAW:,42,410.07173234,4.0839252472,3.8947887421,0.18913650513
BATT_MODEL_RAW:,43,420.0728917,4.0823402405,3.8938293457,0.18851089478
BATT_MODEL_RAW:,44,430.0740412,4.0806236267,3.8922767639,0.18834686279
BATT_MODEL_RAW:,45,440.07472052,4.0790958405,3.891450882,0.1876449585
BATT_MODEL_RAW:,46,450.07591266,4.077419281,3.8901176453,0.18730163574
BATT_MODEL_RAW:,47,460.07613942,4.0756912231,3.8884849548,0.18720626831
BATT_MODEL_RAW:,48,470.07655048,4.0740585327,3.8873233795,0.1867351532
BATT_MODEL_RAW:,49,480.077216,4.072429657,3.8861198425,0.18630981445
BATT_MODEL_RAW:,50,490.07836948,4.0707969666,3.8853988647,0.18539810181
BATT_MODEL_RAW:,51,500.07951396,4.0691661835,3.8834381104,0.18572807312
BATT_MODEL_RAW:,52,510.08071844,4.0675601959,3.8822154999,0.18534469604
BATT_MODEL_RAW:,53,520.08164934,4.0660209656,3.8811225891,0.18489837646
BATT_MODEL_RAW:,54,530.0820863,4.0643215179,3.8794879913,0.18483352661
BATT_MODEL_RAW:,55,540.08262132,4.0627784729,3.8778133392,0.18496513367
BATT_MODEL_RAW:,56,550.0829232,4.0610961914,3.8764457703,0.18465042114
BATT_MODEL_RAW:,57,560.08408718,4.0595207214,3.8741149902,0.1854057312
BATT_MODEL_RAW:,58,570.08443458,4.0579013824,3.8733024597,0.18459892273
BATT_MODEL_RAW:,59,580.08536182,4.056312561,3.8713855743,0.18492698669
BATT_MODEL_RAW:,60,590.08609158,4.0547657013,3.8690624237,0.18570327759
BATT_MODEL_RAW:,61,600.08653976,4.0531101227,3.8673934937,0.18571662903
BATT_MODEL_RAW:,62,610.0871543,4.0515365601,3.865278244,0.18625831604
BATT_MODEL_RAW:,63,620.08754322,4.0499191284,3.8636035919,0.1863155365
BATT_MODEL_RAW:,64,630.08857226,4.0483283997,3.8625564575,0.18577194214
BATT_MODEL_RAW:,65,640.08880142,4.0467281342,3.8617916107,0.18493652344
BATT_MODEL_RAW:,66,650.08967788,4.0451526642,3.8603630066,0.18478965759
BATT_MODEL_RAW:,67,660.0898926,4.0435619354,3.8579826355,0.18557929993
BATT_MODEL_RAW:,68,670.09032444,4.0420742035,3.8564109802,0.18566322327
BATT_MODEL_RAW:,69,680.09136604,4.0404052734,3.8535423279,0.18686294556
BATT_MODEL_RAW:,70,690.09251666,4.0388336182,3.8519935608,0.18684005737
BATT_MODEL_RAW:,71,700.09357694,4.0372390747,3.8506469727,0.18659210205
BATT_MODEL_RAW:,72,710.09374676,4.0356769562,3.8489055634,0.18677139282
BATT_MODEL_RAW:,73,720.09436664,4.0340900421,3.847776413,0.18631362915
BATT_MODEL_RAW:,74,730.09489284,4.0325222015,3.8453083038,0.18721389771
BATT_MODEL_RAW:,75,740.09512284,4.0309562683,3.8430805206,0.18787574768
BATT_MODEL_RAW:,76,750.09547364,4.0293865204,3.8409404755,0.18844604492
BATT_MODEL_RAW:,77,760.0957287,4.0278129578,3.8394374847,0.18837547302
BATT_MODEL_RAW:,78,770.09605106,4.0262413025,3.8378829956,0.18835830688
BATT_MODEL_RAW:,79,780.09676726,4.0246906281,3.8364315033,0.18825912476
BATT_MODEL_RAW:,80,790.09745016,4.0231246948,3.834695816,0.18842887878
BATT_MODEL_RAW:,81,800.09769716,4.0215606689,3.8330345154,0.18852615356
BATT_MODEL_RAW:,82,810.09877796,4.0199985504,3.8322944641,0.1877040863
BATT_MODEL_RAW:,83,820.09914636,4.0184364319,3.830575943,0.18786048889
BATT_MODEL_RAW:,84,830.10033254,4.0168972015,3.8287315369,0.18816566467
BATT_MODEL_RAW:,85,840.10115234,4.0154285431,3.8272895813,0.18813896179
BATT_MODEL_RAW:,86,850.10185282,4.0137844086,3.8256187439,0.18816566467
BATT_MODEL_RAW:,87,860.10310216,4.0122375488,3.824131012,0.18810653687
BATT_MODEL_RAW:,88,870.10353326,4.0107707977,3.8224773407,0.18829345703
BATT_MODEL_RAW:,89,880.1042103,4.0092277527,3.8204059601,0.1888217926
BATT_MODEL_RAW:,90,890.1049132,4.0075931549,3.8183097839,0.18928337097
BATT_MODEL_RAW:,91,900.10536854,4.0060634613,3.8167266846,0.18933677673
BATT_MODEL_RAW:,92,910.10577336,4.0045070648,3.8143558502,0.1901512146
BATT_MODEL_RAW:,93,920.10594378,4.0029888153,3.8127250671,0.19026374817
BATT_MODEL_RAW:,94,930.10671694,4.0014419556,3.810968399,0.19047355652
BATT_MODEL_RAW:,95,940.10749688,3.9999008179,3.8080291748,0.19187164307
BATT_MODEL_RAW:,96,950.10857836,3.9983634949,3.807434082,0.19092941284
BATT_MODEL_RAW:,97,960.10967274,3.9968776703,3.8045711517,0.19230651855
BATT_MODEL_RAW:,98,970.109892,3.9952888489,3.8034439087,0.19184494019
BATT_MODEL_RAW:,99,980.1100553,3.9937648773,3.8020019531,0.19176292419
BATT_MODEL_RAW:,100,990.11088666,3.9922351837,3.8001651764,0.19207000732
BATT_MODEL_RAW:,101,1000.1117395,3.9907302856,3.7987918854,0.19193840027
BATT_MODEL_RAW:,102,1010.1124241,3.9891777039,3.7963638306,0.19281387329
BATT_MODEL_RAW:,103,1020.1135547,3.9877262115,3.7955436707,0.19218254089
BATT_MODEL_RAW:,104,1030.1141527,3.98620224,3.7940273285,0.1921749115
BATT_MODEL_RAW:,105,1040.1151561,3.9846115112,3.7928466797,0.19176483154
BATT_MODEL_RAW:,106,1050.11618,3.9830970764,3.7920207977,0.19107627869
BATT_MODEL_RAW:,107,1060.1167876,3.9815921783,3.7915115356,0.1900806427
BATT_MODEL_RAW:,108,1070.1170712,3.9800548553,3.7903270721,0.1897277832
BATT_MODEL_RAW:,109,1080.1175484,3.9785480499,3.7892799377,0.18926811218
BATT_MODEL_RAW:,110,1090.1185612,3.977142334,3.788766861,0.18837547302
BATT_MODEL_RAW:,111,1100.1190314,3.9755172729,3.7872276306,0.18828964233
BATT_MODEL_RAW:,112,1110.1193551,3.9740009308,3.7857551575,0.18824577332
BATT_MODEL_RAW:,113,1120.1199989,3.9725952148,3.7842998505,0.18829536438
BATT_MODEL_RAW:,114,1130.1205544,3.9710845947,3.7828826904,0.1882019043
BATT_MODEL_RAW:,115,1140.1208792,3.9694786072,3.7810077667,0.18847084045
BATT_MODEL_RAW:,116,1150.1211314,3.9679832458,3.779542923,0.18844032288
BATT_MODEL_RAW:,117,1160.1214676,3.9664745331,3.7780456543,0.18842887878
BATT_MODEL_RAW:,118,1170.1216419,3.9649734497,3.7767448425,0.18822860718
BATT_MODEL_RAW:,119,1180.1220134,3.963476181,3.7755413055,0.18793487549
BATT_MODEL_RAW:,120,1190.1231267,3.9619827271,3.7740383148,0.18794441223
BATT_MODEL_RAW:,121,1200.1237663,3.960483551,3.772310257,0.18817329407
BATT_MODEL_RAW:,122,1210.1247695,3.959066391,3.770740509,0.18832588196
BATT_MODEL_RAW:,123,1220.1250217,3.9575119019,3.7692432404,0.1882686615
BATT_MODEL_RAW:,124,1230.1260759,3.9560184479,3.7676353455,0.18838310242
BATT_MODEL_RAW:,125,1240.1265677,3.9545288086,3.7662220001,0.18830680847
BATT_MODEL_RAW:,126,1250.1267244,3.9530467987,3.7649974823,0.18804931641
BATT_MODEL_RAW:,127,1260.1270916,3.9515705109,3.7636451721,0.18792533875
BATT_MODEL_RAW:,128,1270.1272993,3.9501628876,3.7624759674,0.18768692017
BATT_MODEL_RAW:,129,1280.1278516,3.9485874176,3.7610664368,0.18752098083
BATT_MODEL_RAW:,130,1290.1287608,3.9471302032,3.7595767975,0.18755340576
BATT_MODEL_RAW:,131,1300.1290559,3.9457263947,3.7580509186,0.18767547607
BATT_MODEL_RAW:,132,1310.1295808,3.9442367554,3.7564506531,0.18778610229
BATT_MODEL_RAW:,133,1320.1300146,3.9427814484,3.754825592,0.18795585632
BATT_MODEL_RAW:,134,1330.1310061,3.9412136078,3.7533321381,0.18788146973
BATT_MODEL_RAW:,135,1340.1311909,3.9398365021,3.7520942688,0.18774223328
BATT_MODEL_RAW:,136,1350.1314688,3.9383583069,3.7507305145,0.18762779236
BATT_MODEL_RAW:,137,1360.1320154,3.9368152618,3.7491817474,0.1876335144
BATT_MODEL_RAW:,138,1370.1323078,3.9353561401,3.7475223541,0.18783378601
BATT_MODEL_RAW:,139,1380.1333796,3.9338798523,3.7460193634,0.18786048889
BATT_MODEL_RAW:,140,1390.134544,3.9324913025,3.7445220947,0.18796920776
BATT_MODEL_RAW:,141,1400.1350823,3.9309425354,3.742811203,0.1881313324
BATT_MODEL_RAW:,142,1410.1353242,3.9294834137,3.7411327362,0.18835067749
BATT_MODEL_RAW:,143,1420.1364242,3.9280185699,3.7390861511,0.18893241882
BATT_MODEL_RAW:,144,1430.1368941,3.926612854,3.7375202179,0.18909263611
BATT_MODEL_RAW:,145,1440.1374999,3.9250926971,3.7359104156,0.18918228149
BATT_MODEL_RAW:,146,1450.1385187,3.923658371,3.7350311279,0.18862724304
BATT_MODEL_RAW:,147,1460.1389116,3.9222011566,3.7339096069,0.18829154968
BATT_MODEL_RAW:,148,1470.1392986,3.9207458496,3.7322006226,0.18854522705
BATT_MODEL_RAW:,149,1480.1399008,3.9192848206,3.7303943634,0.18889045715
BATT_MODEL_RAW:,150,1490.140121,3.9178333282,3.7288284302,0.18900489807
BATT_MODEL_RAW:,151,1500.141015,3.91639328,3.7268924713,0.18950080872
BATT_MODEL_RAW:,152,1510.1420501,3.9149494171,3.7252426147,0.18970680237
BATT_MODEL_RAW:,153,1520.1424857,3.913520813,3.7238273621,0.18969345093
BATT_MODEL_RAW:,154,1530.1428878,3.9120788574,3.7223129272,0.18976593018
BATT_MODEL_RAW:,155,1540.1438171,3.9107017517,3.7207527161,0.18994903564
BATT_MODEL_RAW:,156,1550.144328,3.9091949463,3.7194442749,0.18975067139
BATT_MODEL_RAW:,157,1560.14454,3.9077682495,3.7179260254,0.18984222412
BATT_MODEL_RAW:,158,1570.1450214,3.9063777924,3.7167663574,0.18961143494
BATT_MODEL_RAW:,159,1580.1455874,3.9048843384,3.7153244019,0.18955993652
BATT_MODEL_RAW:,160,1590.1457759,3.903459549,3.713924408,0.18953514099
BATT_MODEL_RAW:,161,1600.1460267,3.9020442963,3.7127037048,0.18934059143
BATT_MODEL_RAW:,162,1610.1468302,3.9006137848,3.7115974426,0.18901634216
BATT_MODEL_RAW:,163,1620.1479299,3.8992595673,3.7103500366,0.18890953064
BATT_MODEL_RAW:,164,1630.1482598,3.8978424072,3.7091140747,0.18872833252
BATT_MODEL_RAW:,165,1640.1488333,3.8963336945,3.7073097229,0.18902397156
BATT_MODEL_RAW:,166,1650.1496371,3.894985199,3.7057723999,0.18921279907
BATT_MODEL_RAW:,167,1660.1508104,3.8935031891,3.7042236328,0.18927955627
BATT_MODEL_RAW:,168,1670.1512314,3.8920898438,3.70287323,0.18921661377
BATT_MODEL_RAW:,169,1680.1517068,3.8906669617,3.7014045715,0.18926239014
BATT_MODEL_RAW:,170,1690.1525194,3.889257431,3.6995849609,0.18967247009
BATT_MODEL_RAW:,171,1700.152946,3.8878517151,3.6978263855,0.19002532959
BATT_MODEL_RAW:,172,1710.1537267,3.8864307404,3.6959152222,0.19051551819
BATT_MODEL_RAW:,173,1720.1546401,3.8850917816,3.6940574646,0.19103431702
BATT_MODEL_RAW:,174,1730.1555115,3.8837089539,3.6920394897,0.19166946411
BATT_MODEL_RAW:,175,1740.1564768,3.8823013306,3.6903572083,0.19194412231
BATT_MODEL_RAW:,176,1750.1570428,3.8808994293,3.6886749268,0.19222450256
BATT_MODEL_RAW:,177,1760.1573468,3.87940979,3.6869010925,0.19250869751
BATT_MODEL_RAW:,178,1770.1577286,3.8780193329,3.6853637695,0.19265556335
BATT_MODEL_RAW:,179,1780.15886,3.876625061,3.6841316223,0.19249343872
BATT_MODEL_RAW:,180,1790.1591033,3.8752288818,3.6828079224,0.19242095947
BATT_MODEL_RAW:,181,1800.159741,3.8738327026,3.6818161011,0.19201660156
BATT_MODEL_RAW:,182,1810.1603091,3.8724517822,3.6805725098,0.19187927246
BATT_MODEL_RAW:,183,1820.1606877,3.8710651398,3.6794204712,0.19164466858
BATT_MODEL_RAW:,184,1830.1608512,3.8696746826,3.6779518127,0.19172286987
BATT_MODEL_RAW:,185,1840.1618023,3.8683452606,3.6765289307,0.19181632996
BATT_MODEL_RAW:,186,1850.1622332,3.8669090271,3.6752090454,0.19169998169
BATT_MODEL_RAW:,187,1860.1630705,3.865530014,3.6738624573,0.19166755676
BATT_MODEL_RAW:,188,1870.1633383,3.8641548157,3.6726493835,0.19150543213
BATT_MODEL_RAW:,189,1880.163978,3.8627815247,3.6715660095,0.19121551514
BATT_MODEL_RAW:,190,1890.1641428,3.8614749908,3.6703567505,0.19111824036
BATT_MODEL_RAW:,191,1900.1643453,3.8600921631,3.6688499451,0.19124221802
BATT_MODEL_RAW:,192,1910.1649408,3.858669281,3.6670379639,0.19163131714
BATT_MODEL_RAW:,193,1920.1653414,3.8573703766,3.6654853821,0.19188499451
BATT_MODEL_RAW:,194,1930.1664365,3.8559169769,3.6642227173,0.19169425964
BATT_MODEL_RAW:,195,1940.1673721,3.8545608521,3.6628379822,0.19172286987
BATT_MODEL_RAW:,196,1950.1684466,3.8532142639,3.6615600586,0.19165420532
BATT_MODEL_RAW:,197,1960.1694085,3.8518199921,3.6599807739,0.19183921814
BATT_MODEL_RAW:,198,1970.1702991,3.8505020142,3.6581420898,0.19235992432
BATT_MODEL_RAW:,199,1980.1706147,3.8491096497,3.6565437317,0.19256591797
BATT_MODEL_RAW:,200,1990.1717963,3.8477649689,3.6550979614,0.19266700745
BATT_MODEL_RAW:,201,2000.1724529,3.8465023041,3.6538047791,0.19269752502
BATT_MODEL_RAW:,202,2010.1727126,3.8450679779,3.6519050598,0.19316291809
BATT_MODEL_RAW:,203,2020.1730308,3.8437461853,3.6501731873,0.19357299805
BATT_MODEL_RAW:,204,2030.1737532,3.8423671722,3.6487464905,0.19362068176
BATT_MODEL_RAW:,205,2040.1743599,3.8410243988,3.6472892761,0.19373512268
BATT_MODEL_RAW:,206,2050.1754274,3.8397045135,3.6460990906,0.19360542297
BATT_MODEL_RAW:,207,2060.1765273,3.8383350372,3.6449623108,0.19337272644
BATT_MODEL_RAW:,208,2070.177267,3.8370075226,3.6439323425,0.19307518005
BATT_MODEL_RAW:,209,2080.1775112,3.8357505798,3.6429176331,0.19283294678
BATT_MODEL_RAW:,210,2090.1786653,3.8343429565,3.6415977478,0.19274520874
BATT_MODEL_RAW:,211,2100.1793953,3.833026886,3.6402549744,0.19277191162
BATT_MODEL_RAW:,212,2110.1795814,3.8316726685,3.6389808655,0.19269180298
BATT_MODEL_RAW:,213,2120.1806414,3.8303585052,3.6377182007,0.19264030457
BATT_MODEL_RAW:,214,2130.1808918,3.829044342,3.6364135742,0.19263076782
BATT_MODEL_RAW:,215,2140.1812198,3.8277854919,3.6352806091,0.19250488281
BATT_MODEL_RAW:,216,2150.1822597,3.826379776,3.6338500977,0.19252967834
BATT_MODEL_RAW:,217,2160.1830443,3.8250637054,3.6324691772,0.1925945282
BATT_MODEL_RAW:,218,2170.1840139,3.8238296509,3.63048172,0.19334793091
BATT_MODEL_RAW:,219,2180.1849618,3.8224258423,3.6291236877,0.19330215454
BATT_MODEL_RAW:,220,2190.1855226,3.8211078644,3.627658844,0.19344902039
BATT_MODEL_RAW:,221,2200.1862445,3.8197898865,3.6265525818,0.19323730469
BATT_MODEL_RAW:,222,2210.1871201,3.818572998,3.6254882813,0.1930847168
BATT_MODEL_RAW:,223,2220.187443,3.8172054291,3.6239738464,0.19323158264
BATT_MODEL_RAW:,224,2230.1877131,3.8159790039,3.6225471497,0.19343185425
BATT_MODEL_RAW:,225,2240.1886459,3.8145847321,3.6215705872,0.1930141449
BATT_MODEL_RAW:,226,2250.1894314,3.8133068085,3.6203193665,0.19298744202
BATT_MODEL_RAW:,227,2260.1900631,3.8119792938,3.6190795898,0.19289970398
BATT_MODEL_RAW:,228,2270.1904116,3.8107185364,3.617565155,0.19315338135
BATT_MODEL_RAW:,229,2280.1909642,3.8094062805,3.6160011292,0.19340515137
BATT_MODEL_RAW:,230,2290.1913139,3.8081302643,3.6147155762,0.19341468811
BATT_MODEL_RAW:,231,2300.192407,3.8068523407,3.6133041382,0.19354820251
BATT_MODEL_RAW:,232,2310.1934624,3.805562973,3.6120948792,0.19346809387
BATT_MODEL_RAW:,233,2320.1944183,3.8042888641,3.6109542847,0.19333457947
BATT_MODEL_RAW:,234,2330.1946055,3.8030490875,3.6099472046,0.19310188293
BATT_MODEL_RAW:,235,2340.195518,3.8017196655,3.608379364,0.19334030151
BATT_MODEL_RAW:,236,2350.1963123,3.8005313873,3.6069717407,0.19355964661
BATT_MODEL_RAW:,237,2360.1969718,3.7991752625,3.6053886414,0.19378662109
BATT_MODEL_RAW:,238,2370.1974348,3.797908783,3.6037559509,0.19415283203
BATT_MODEL_RAW:,239,2380.1975907,3.7966480255,3.6023216248,0.19432640076
BATT_MODEL_RAW:,240,2390.1977553,3.7953853607,3.6006736755,0.19471168518
BATT_MODEL_RAW:,241,2400.1983065,3.7941417694,3.5993118286,0.1948299408
BATT_MODEL_RAW:,242,2410.1993375,3.7929363251,3.5981445313,0.19479179382
BATT_MODEL_RAW:,243,2420.2003928,3.7916069031,3.5969390869,0.19466781616
BATT_MODEL_RAW:,244,2430.201436,3.790353775,3.595703125,0.19465065002
BATT_MODEL_RAW:,245,2440.2016925,3.7891044617,3.5944252014,0.19467926025
BATT_MODEL_RAW:,246,2450.2025763,3.7878570557,3.5930786133,0.19477844238
BATT_MODEL_RAW:,247,2460.2030338,3.7866973877,3.5919532776,0.19474411011
BATT_MODEL_RAW:,248,2470.2035422,3.7853775024,3.5906791687,0.19469833374
BATT_MODEL_RAW:,249,2480.2038442,3.7841396332,3.5892486572,0.19489097595
BATT_MODEL_RAW:,250,2490.2042964,3.7828998566,3.5881881714,0.19471168518
BATT_MODEL_RAW:,251,2500.2050429,3.7817497253,3.5874557495,0.19429397583
BATT_MODEL_RAW:,252,2510.2055379,3.7804489136,3.5866088867,0.19384002686
BATT_MODEL_RAW:,253,2520.2060592,3.7792129517,3.5857658386,0.19344711304
BATT_MODEL_RAW:,254,2530.2067009,3.7779960632,3.5844688416,0.19352722168
BATT_MODEL_RAW:,255,2540.2069688,3.7767715454,3.5831375122,0.1936340332
BATT_MODEL_RAW:,256,2550.2078636,3.7755336761,3.5819396973,0.19359397888
BATT_MODEL_RAW:,257,2560.2083798,3.7744026184,3.5808563232,0.19354629517
BATT_MODEL_RAW:,258,2570.2089833,3.7731132507,3.5794525146,0.19366073608
BATT_MODEL_RAW:,259,2580.2098239,3.7719974518,3.5782852173,0.1937122345
BATT_MODEL_RAW:,260,2590.2103883,3.7707767487,3.5771598816,0.19361686707
BATT_MODEL_RAW:,261,2600.2111209,3.769493103,3.5761108398,0.19338226318
BATT_MODEL_RAW:,262,2610.2115384,3.7682876587,3.5751609802,0.19312667847
BATT_MODEL_RAW:,263,2620.2119146,3.7671794891,3.5741004944,0.19307899475
BATT_MODEL_RAW:,264,2630.2130281,3.7659835815,3.5727539063,0.19322967529
BATT_MODEL_RAW:,265,2640.2137852,3.7647151947,3.571434021,0.19328117371
BATT_MODEL_RAW:,266,2650.2145186,3.7635269165,3.5702133179,0.19331359863
BATT_MODEL_RAW:,267,2660.2154316,3.7623500824,3.5690002441,0.19334983826
BATT_MODEL_RAW:,268,2670.2156243,3.7611465454,3.5678062439,0.19334030151
BATT_MODEL_RAW:,269,2680.2161005,3.7600822449,3.5666313171,0.19345092773
BATT_MODEL_RAW:,270,2690.2168678,3.7588157654,3.5651473999,0.19366836548
BATT_MODEL_RAW:,271,2700.2179907,3.757724762,3.5640983582,0.19362640381
BATT_MODEL_RAW:,272,2710.2187643,3.756526947,3.5627861023,0.19374084473
BATT_MODEL_RAW:,273,2720.2193168,3.7552986145,3.5617713928,0.19352722168
BATT_MODEL_RAW:,274,2730.2203498,3.7541427612,3.5606536865,0.19348907471
BATT_MODEL_RAW:,275,2740.2206273,3.7530059814,3.5593414307,0.19366455078
BATT_MODEL_RAW:,276,2750.221038,3.7518959045,3.5582962036,0.19359970093
BATT_MODEL_RAW:,277,2760.221494,3.7507019043,3.5570487976,0.19365310669
BATT_MODEL_RAW:,278,2770.2224626,3.7495384216,3.556022644,0.19351577759
BATT_MODEL_RAW:,279,2780.2233429,3.7484016418,3.5550079346,0.19339370728
BATT_MODEL_RAW:,280,2790.2240206,3.74725914,3.5539283752,0.19333076477
BATT_MODEL_RAW:,281,2800.2244176,3.7461280823,3.5527038574,0.19342422485
BATT_MODEL_RAW:,282,2810.2253191,3.7450733185,3.5515060425,0.193567276
BATT_MODEL_RAW:,283,2820.2259454,3.7438621521,3.5500221252,0.19384002686
BATT_MODEL_RAW:,284,2830.2265754,3.7427406311,3.5489959717,0.19374465942
BATT_MODEL_RAW:,285,2840.2275292,3.7416191101,3.5479507446,0.19366836548
BATT_MODEL_RAW:,286,2850.2282051,3.7405033112,3.5468673706,0.19363594055
BATT_MODEL_RAW:,287,2860.2286195,3.7393894196,3.5455665588,0.19382286072
BATT_MODEL_RAW:,288,2870.2296059,3.7382850647,3.5443191528,0.19396591187
BATT_MODEL_RAW:,289,2880.2307076,3.7372055054,3.5434074402,0.19379806519
BATT_MODEL_RAW:,290,2890.2309549,3.7360591888,3.542388916,0.19367027283
BATT_MODEL_RAW:,291,2900.2314527,3.7349758148,3.5413818359,0.19359397888
BATT_MODEL_RAW:,292,2910.2324707,3.7338943481,3.5403633118,0.19353103638
BATT_MODEL_RAW:,293,2920.2332943,3.7327842712,3.5390930176,0.19369125366
BATT_MODEL_RAW:,294,2930.233567,3.7316951752,3.5381317139,0.1935634613
BATT_MODEL_RAW:,295,2940.2340513,3.7306194305,3.5372200012,0.19339942932
BATT_MODEL_RAW:,296,2950.2351909,3.7295398712,3.5362892151,0.19325065613
BATT_MODEL_RAW:,297,2960.2355434,3.7284412384,3.5351829529,0.19325828552
BATT_MODEL_RAW:,298,2970.2366828,3.7273693085,3.5342903137,0.19307899475
BATT_MODEL_RAW:,299,2980.2378515,3.7262992859,3.5332984924,0.19300079346
BATT_MODEL_RAW:,300,2990.2380486,3.7252540588,3.5322303772,0.19302368164
BATT_MODEL_RAW:,301,3000.2384616,3.7241821289,3.5312423706,0.1929397583
BATT_MODEL_RAW:,302,3010.2393535,3.7231254578,3.5304489136,0.19267654419
BATT_MODEL_RAW:,303,3020.2402629,3.7220649719,3.5295982361,0.19246673584
BATT_MODEL_RAW:,304,3030.2404248,3.7210044861,3.5286903381,0.19231414795
BATT_MODEL_RAW:,305,3040.2411871,3.7199630737,3.5278549194,0.1921081543
BATT_MODEL_RAW:,306,3050.2422106,3.718914032,3.5268630981,0.19205093384
BATT_MODEL_RAW:,307,3060.2428997,3.7179489136,3.5260276794,0.19192123413
BATT_MODEL_RAW:,308,3070.2438465,3.716835022,3.524974823,0.19186019897
BATT_MODEL_RAW:,309,3080.2445068,3.7158088684,3.5240478516,0.19176101685
BATT_MODEL_RAW:,310,3090.2448357,3.7147750854,3.522983551,0.19179153442
BATT_MODEL_RAW:,311,3100.2454437,3.7137527466,3.5219802856,0.19177246094
BATT_MODEL_RAW:,312,3110.2460561,3.712726593,3.5211334229,0.19159317017
BATT_MODEL_RAW:,313,3120.2463175,3.7117118835,3.5202598572,0.19145202637
BATT_MODEL_RAW:,314,3130.2465718,3.7106895447,3.5193595886,0.19132995605
BATT_MODEL_RAW:,315,3140.2469993,3.7096862793,3.5186080933,0.19107818604
BATT_MODEL_RAW:,316,3150.2472466,3.7086601257,3.5175361633,0.1911239624
BATT_MODEL_RAW:,317,3160.2483737,3.7077484131,3.5164146423,0.19133377075
BATT_MODEL_RAW:,318,3170.2486989,3.7066574097,3.5154685974,0.19118881226
BATT_MODEL_RAW:,319,3180.2492204,3.7057533264,3.5145797729,0.19117355347
BATT_MODEL_RAW:,320,3190.2496347,3.7047424316,3.5137062073,0.19103622437
BATT_MODEL_RAW:,321,3200.2505373,3.7036857605,3.5127029419,0.1909828186
BATT_MODEL_RAW:,322,3210.2508951,3.7026977539,3.5118217468,0.19087600708
BATT_MODEL_RAW:,323,3220.2518768,3.701713562,3.5110092163,0.1907043457
BATT_MODEL_RAW:,324,3230.2527011,3.7007217407,3.5101699829,0.19055175781
BATT_MODEL_RAW:,325,3240.2529436,3.6998176575,3.5092201233,0.19059753418
BATT_MODEL_RAW:,326,3250.2541429,3.6987800598,3.5081672668,0.19061279297
BATT_MODEL_RAW:,327,3260.2547547,3.6978912354,3.5072517395,0.19063949585
BATT_MODEL_RAW:,328,3270.2556079,3.6968421936,3.5061340332,0.1907081604
BATT_MODEL_RAW:,329,3280.2565053,3.6959533691,3.5053443909,0.19060897827
BATT_MODEL_RAW:,330,3290.2569454,3.6950187683,3.5042228699,0.19079589844
BATT_MODEL_RAW:,331,3300.2574065,3.6939811707,3.5031471252,0.19083404541
BATT_MODEL_RAW:,332,3310.258046,3.6930427551,3.5021247864,0.19091796875
BATT_MODEL_RAW:,333,3320.2585678,3.6920700073,3.5010566711,0.19101333618
BATT_MODEL_RAW:,334,3330.2593486,3.6911506653,3.4998703003,0.19128036499
BATT_MODEL_RAW:,335,3340.2597528,3.6902008057,3.4987831116,0.19141769409
BATT_MODEL_RAW:,336,3350.2605721,3.6893463135,3.4978294373,0.19151687622
BATT_MODEL_RAW:,337,3360.2615384,3.6883430481,3.4968185425,0.19152450562
BATT_MODEL_RAW:,338,3370.2624104,3.687412262,3.4957885742,0.19162368774
BATT_MODEL_RAW:,339,3380.2631273,3.6864776611,3.4948272705,0.19165039063
BATT_MODEL_RAW:,340,3390.2638755,3.6855773926,3.4939193726,0.19165802002
BATT_MODEL_RAW:,341,3400.2649824,3.6846618652,3.4928741455,0.19178771973
BATT_MODEL_RAW:,342,3410.2660352,3.6837348938,3.4919319153,0.19180297852
BATT_MODEL_RAW:,343,3420.2663073,3.6828994751,3.4909858704,0.19191360474
BATT_MODEL_RAW:,344,3430.2671939,3.6819152832,3.4898109436,0.1921043396
BATT_MODEL_RAW:,345,3440.2681706,3.681098938,3.4888114929,0.19228744507
BATT_MODEL_RAW:,346,3450.2686604,3.6801872253,3.487739563,0.19244766235
BATT_MODEL_RAW:,347,3460.2695938,3.6792182922,3.4866600037,0.19255828857
BATT_MODEL_RAW:,348,3470.2699009,3.6784057617,3.4856872559,0.19271850586
BATT_MODEL_RAW:,349,3480.2708169,3.6774291992,3.4845237732,0.19290542603
BATT_MODEL_RAW:,350,3490.271705,3.6765441895,3.4836082458,0.1929359436
BATT_MODEL_RAW:,351,3500.2719038,3.6757545471,3.4825210571,0.19323348999
BATT_MODEL_RAW:,352,3510.2726908,3.6747970581,3.481388092,0.19340896606
BATT_MODEL_RAW:,353,3520.2736179,3.6739273071,3.4803886414,0.19353866577
BATT_MODEL_RAW:,354,3530.2744364,3.673160553,3.4794883728,0.19367218018
BATT_MODEL_RAW:,355,3540.2746976,3.672252655,3.4785614014,0.19369125366
BATT_MODEL_RAW:,356,3550.2752055,3.6713180542,3.4776000977,0.19371795654
BATT_MODEL_RAW:,357,3560.2757913,3.6704673767,3.4765357971,0.19393157959
BATT_MODEL_RAW:,358,3570.276127,3.6696166992,3.4753952026,0.19422149658
BATT_MODEL_RAW:,359,3580.2772051,3.6687583923,3.4744720459,0.19428634644
BATT_MODEL_RAW:,360,3590.2783316,3.6679229736,3.4738922119,0.19403076172
BATT_MODEL_RAW:,361,3600.2788311,3.6670455933,3.4730834961,0.19396209717
BATT_MODEL_RAW:,362,3610.2794417,3.6661987305,3.4720611572,0.19413757324
BATT_MODEL_RAW:,363,3620.2803403,3.6653938293,3.4710769653,0.19431686401
BATT_MODEL_RAW:,364,3630.2812399,3.6645507813,3.470085144,0.19446563721
BATT_MODEL_RAW:,365,3640.2817493,3.6637878418,3.4693260193,0.19446182251
BATT_MODEL_RAW:,366,3650.2827801,3.6628799438,3.4684066772,0.1944732666
BATT_MODEL_RAW:,367,3660.2831202,3.6620559692,3.4677772522,0.19427871704
BATT_MODEL_RAW:,368,3670.2835358,3.6612968445,3.4671554565,0.19414138794
BATT_MODEL_RAW:,369,3680.2836652,3.6604118347,3.4663162231,0.19409561157
BATT_MODEL_RAW:,370,3690.2838109,3.659614563,3.4655723572,0.19404220581
BATT_MODEL_RAW:,371,3700.284245,3.6587905884,3.4648513794,0.19393920898
BATT_MODEL_RAW:,372,3710.2849285,3.6579742432,3.4643211365,0.19365310669
BATT_MODEL_RAW:,373,3720.2857137,3.6571960449,3.4636993408,0.1934967041
BATT_MODEL_RAW:,374,3730.2867205,3.6564559937,3.4630470276,0.19340896606
BATT_MODEL_RAW:,375,3740.2877529,3.6555938721,3.462272644,0.19332122803
BATT_MODEL_RAW:,376,3750.2886082,3.6547927856,3.4613227844,0.19347000122
BATT_MODEL_RAW:,377,3760.2895793,3.6539993286,3.4605140686,0.19348526001
BATT_MODEL_RAW:,378,3770.290069,3.6532897949,3.4598083496,0.19348144531
BATT_MODEL_RAW:,379,3780.2911992,3.6524200439,3.4590530396,0.19336700439
BATT_MODEL_RAW:,380,3790.2920243,3.6516342163,3.4583282471,0.19330596924
BATT_MODEL_RAW:,381,3800.2925774,3.6509590149,3.4576034546,0.1933555603
BATT_MODEL_RAW:,382,3810.2932636,3.6501083374,3.4569969177,0.19311141968
BATT_MODEL_RAW:,383,3820.2940702,3.6493339539,3.456413269,0.19292068481
BATT_MODEL_RAW:,384,3830.2946129,3.6485671997,3.4560432434,0.1925239563
BATT_MODEL_RAW:,385,3840.2952435,3.647808075,3.4557991028,0.19200897217
BATT_MODEL_RAW:,386,3850.2960229,3.6470375061,3.45545578,0.19158172607
BATT_MODEL_RAW:,387,3860.2969595,3.6463012695,3.4549560547,0.19134521484
BATT_MODEL_RAW:,388,3870.2974377,3.645614624,3.4542388916,0.19137573242
BATT_MODEL_RAW:,389,3880.2979057,3.6448707581,3.4531898499,0.1916809082
BATT_MODEL_RAW:,390,3890.2985226,3.6440429688,3.4520835876,0.1919593811
BATT_MODEL_RAW:,391,3900.2991378,3.6433067322,3.4513931274,0.19191360474
BATT_MODEL_RAW:,392,3910.2997156,3.6425628662,3.4508743286,0.1916885376
BATT_MODEL_RAW:,393,3920.3006315,3.6418914795,3.4503707886,0.19152069092
BATT_MODEL_RAW:,394,3930.3013288,3.6410980225,3.4496879578,0.1914100647
BATT_MODEL_RAW:,395,3940.3015279,3.6403808594,3.4491043091,0.19127655029
BATT_MODEL_RAW:,396,3950.3017786,3.6397247314,3.4483718872,0.19135284424
BATT_MODEL_RAW:,397,3960.3020032,3.6389198303,3.4477119446,0.19120788574
BATT_MODEL_RAW:,398,3970.3025804,3.6381988525,3.4470787048,0.19112014771
BATT_MODEL_RAW:,399,3980.3032721,3.6374893188,3.4465675354,0.19092178345
BATT_MODEL_RAW:,400,3990.3035082,3.6367645264,3.4459266663,0.19083786011
BATT_MODEL_RAW:,401,4000.3039961,3.6361465454,3.4451980591,0.19094848633
BATT_MODEL_RAW:,402,4010.304243,3.6353569031,3.444393158,0.19096374512
BATT_MODEL_RAW:,403,4020.3044197,3.6346702576,3.4436836243,0.1909866333
BATT_MODEL_RAW:,404,4030.30484,3.6340332031,3.442905426,0.1911277771
BATT_MODEL_RAW:,405,4040.3060153,3.6332740784,3.4328422546,0.20043182373
BATT_MODEL_RAW:,406,4050.306549,3.6325874329,3.4349098206,0.1976776123
BATT_MODEL_RAW:,407,4060.3076581,3.6319007874,3.4351425171,0.19675827026
BATT_MODEL_RAW:,408,4070.3079769,3.6313018799,3.4353904724,0.19591140747
BATT_MODEL_RAW:,409,4080.3082943,3.6305427551,3.4360046387,0.19453811646
BATT_MODEL_RAW:,410,4090.30933,3.6298713684,3.4359931946,0.19387817383
BATT_MODEL_RAW:,411,4100.3099591,3.6291923523,3.43516922,0.19402313232
BATT_MODEL_RAW:,412,4110.3109876,3.6285743713,3.435092926,0.19348144531
BATT_MODEL_RAW:,413,4120.3112645,3.6278495789,3.4346199036,0.19322967529
BATT_MODEL_RAW:,414,4130.3116564,3.6272621155,3.4340782166,0.19318389893
BATT_MODEL_RAW:,415,4140.3124607,3.6265182495,3.4335289001,0.19298934937
BATT_MODEL_RAW:,416,4150.3128079,3.6258544922,3.4330177307,0.19283676147
BATT_MODEL_RAW:,417,4160.3138703,3.6252212524,3.4326629639,0.19255828857
BATT_MODEL_RAW:,418,4170.3148748,3.624622345,3.4321784973,0.19244384766
BATT_MODEL_RAW:,419,4180.3151136,3.6239013672,3.4318504333,0.19205093384
BATT_MODEL_RAW:,420,4190.3156833,3.6232528687,3.4316711426,0.19158172607
BATT_MODEL_RAW:,421,4200.3168724,3.6225967407,3.4310760498,0.19152069092
BATT_MODEL_RAW:,422,4210.3172671,3.6219520569,3.4304237366,0.19152832031
BATT_MODEL_RAW:,423,4220.3180377,3.6213607788,3.4298477173,0.19151306152
BATT_MODEL_RAW:,424,4230.3187767,3.6206817627,3.4291419983,0.1915397644
BATT_MODEL_RAW:,425,4240.3195742,3.6200447083,3.4282264709,0.1918182373
BATT_MODEL_RAW:,426,4250.3205228,3.6194038391,3.4277229309,0.1916809082
BATT_MODEL_RAW:,427,4260.320782,3.6187591553,3.4271812439,0.19157791138
BATT_MODEL_RAW:,428,4270.3210309,3.618221283,3.4265556335,0.19166564941
BATT_MODEL_RAW:,429,4280.3216851,3.6175270081,3.4256019592,0.19192504883
BATT_MODEL_RAW:,430,4290.322005,3.6168899536,3.4247665405,0.19212341309
BATT_MODEL_RAW:,431,4300.3228822,3.616268158,3.4243850708,0.19188308716
BATT_MODEL_RAW:,432,4310.3230709,3.6156425476,3.424030304,0.19161224365
BATT_MODEL_RAW:,433,4320.3236277,3.6150360107,3.4234733582,0.19156265259
BATT_MODEL_RAW:,434,4330.324128,3.6144065857,3.4228401184,0.19156646729
BATT_MODEL_RAW:,435,4340.3250503,3.6138076782,3.4222221375,0.19158554077
BATT_MODEL_RAW:,436,4350.3256862,3.6131858826,3.4216003418,0.19158554077
BATT_MODEL_RAW:,437,4360.3259834,3.6126708984,3.4211349487,0.19153594971
BATT_MODEL_RAW:,438,4370.3268641,3.6119842529,3.4203414917,0.19164276123
BATT_MODEL_RAW:,439,4380.3271106,3.6113777161,3.419719696,0.19165802002
BATT_MODEL_RAW:,440,4390.3275646,3.6108779907,3.4193954468,0.19148254395
BATT_MODEL_RAW:,441,4400.3278167,3.6101837158,3.4187393188,0.19144439697
BATT_MODEL_RAW:,442,4410.3280298,3.6095962524,3.4183425903,0.19125366211
BATT_MODEL_RAW:,443,4420.3291916,3.6090774536,3.4178619385,0.19121551514
BATT_MODEL_RAW:,444,4430.3295194,3.6084976196,3.417049408,0.19144821167
BATT_MODEL_RAW:,445,4440.3298115,3.6078147888,3.4163665771,0.19144821167
BATT_MODEL_RAW:,446,4450.3300075,3.6072463989,3.415561676,0.1916847229
BATT_MODEL_RAW:,447,4460.3305703,3.6066932678,3.414855957,0.19183731079
BATT_MODEL_RAW:,448,4470.3314322,3.6061553955,3.4144706726,0.1916847229
BATT_MODEL_RAW:,449,4480.3326268,3.6054916382,3.4137382507,0.19175338745
BATT_MODEL_RAW:,450,4490.3336232,3.6049118042,3.4132804871,0.19163131714
BATT_MODEL_RAW:,451,4500.3347471,3.6043243408,3.4127998352,0.19152450562
BATT_MODEL_RAW:,452,4510.3358831,3.6037483215,3.4124488831,0.19129943848
BATT_MODEL_RAW:,453,4520.336818,3.6032371521,3.4123916626,0.1908454895
BATT_MODEL_RAW:,454,4530.3372652,3.6026000977,3.4122009277,0.19039916992
BATT_MODEL_RAW:,455,4540.3384872,3.6020545959,3.4118156433,0.19023895264
BATT_MODEL_RAW:,456,4550.3387597,3.6015510559,3.4114608765,0.19009017944
BATT_MODEL_RAW:,457,4560.3394534,3.6009063721,3.4109649658,0.18994140625
BATT_MODEL_RAW:,458,4570.3404476,3.6003379822,3.4105606079,0.18977737427
BATT_MODEL_RAW:,459,4580.3407965,3.5998573303,3.4102478027,0.18960952759
BATT_MODEL_RAW:,460,4590.3411555,3.5992202759,3.4095726013,0.18964767456
BATT_MODEL_RAW:,461,4600.3420071,3.5986595154,3.4091835022,0.18947601318
BATT_MODEL_RAW:,462,4610.342217,3.5981025696,3.4084472656,0.18965530396
BATT_MODEL_RAW:,463,4620.3428244,3.5975379944,3.407787323,0.18975067139
BATT_MODEL_RAW:,464,4630.3439776,3.5969772339,3.4067802429,0.19019699097
BATT_MODEL_RAW:,465,4640.3444751,3.596446991,3.4055938721,0.1908531189
BATT_MODEL_RAW:,466,4650.3454159,3.5958747864,3.4044494629,0.19142532349
BATT_MODEL_RAW:,467,4660.3459147,3.59532547,3.4043045044,0.19102096558
BATT_MODEL_RAW:,468,4670.346854,3.5947685242,3.4036865234,0.19108200073
BATT_MODEL_RAW:,469,4680.3476577,3.5942153931,3.4026603699,0.19155502319
BATT_MODEL_RAW:,470,4690.3483124,3.5936813354,3.4015426636,0.19213867188
BATT_MODEL_RAW:,471,4700.3486118,3.5932006836,3.4013214111,0.19187927246
BATT_MODEL_RAW:,472,4710.3491792,3.5925636292,3.4005126953,0.19205093384
BATT_MODEL_RAW:,473,4720.3495788,3.5920219421,3.4002037048,0.1918182373
BATT_MODEL_RAW:,474,4730.3499595,3.5914840698,3.3997535706,0.19173049927
BATT_MODEL_RAW:,475,4740.3503992,3.5909423828,3.3987846375,0.19215774536
BATT_MODEL_RAW:,476,4750.351375,3.5903930664,3.3984565735,0.19193649292
BATT_MODEL_RAW:,477,4760.351686,3.5898513794,3.3981933594,0.19165802002
BATT_MODEL_RAW:,478,4770.3523168,3.5893096924,3.3981323242,0.19117736816
BATT_MODEL_RAW:,479,4780.3532405,3.5887718201,3.3966369629,0.19213485718
BATT_MODEL_RAW:,480,4790.35387,3.5882301331,3.3962783813,0.19195175171
BATT_MODEL_RAW:,481,4800.3543432,3.5876922607,3.3955001831,0.19219207764
BATT_MODEL_RAW:,482,4810.3553711,3.5871582031,3.3949127197,0.1922454834
BATT_MODEL_RAW:,483,4820.3556691,3.5866127014,3.3947639465,0.19184875488
BATT_MODEL_RAW:,484,4830.3562724,3.5861587524,3.3941116333,0.19204711914
BATT_MODEL_RAW:,485,4840.3570253,3.5855484009,3.3939704895,0.19157791138
BATT_MODEL_RAW:,486,4850.3572526,3.5850830078,3.393321991,0.19176101685
BATT_MODEL_RAW:,487,4860.3581682,3.5845031738,3.3924713135,0.19203186035
BATT_MODEL_RAW:,488,4870.3585744,3.5839576721,3.3920021057,0.19195556641
BATT_MODEL_RAW:,489,4880.3595397,3.5834388733,3.3918266296,0.19161224365
BATT_MODEL_RAW:,490,4890.3603815,3.582901001,3.3913497925,0.1915512085
BATT_MODEL_RAW:,491,4900.3608975,3.5824432373,3.3914222717,0.19102096558
BATT_MODEL_RAW:,492,4910.3619865,3.5818481445,3.3908500671,0.19099807739
BATT_MODEL_RAW:,493,4920.3628808,3.5813140869,3.3902778625,0.19103622437
BATT_MODEL_RAW:,494,4930.3633325,3.5807952881,3.3898582458,0.19093704224
BATT_MODEL_RAW:,495,4940.3644729,3.580329895,3.3893203735,0.19100952148
BATT_MODEL_RAW:,496,4950.3652743,3.5797309875,3.3886566162,0.19107437134
BATT_MODEL_RAW:,497,4960.3661908,3.5792236328,3.388343811,0.19087982178
BATT_MODEL_RAW:,498,4970.3666682,3.5787582397,3.3878288269,0.19092941284
BATT_MODEL_RAW:,499,4980.3671698,3.5781555176,3.3873023987,0.1908531189
BATT_MODEL_RAW:,500,4990.3681843,3.5776252747,3.3868522644,0.19077301025
BATT_MODEL_RAW:,501,5000.3685374,3.5771141052,3.3865661621,0.19054794312
BATT_MODEL_RAW:,502,5010.3689851,3.5765914917,3.3858528137,0.19073867798
BATT_MODEL_RAW:,503,5020.3699379,3.5760612488,3.3851165771,0.19094467163
BATT_MODEL_RAW:,504,5030.3707677,3.5755462646,3.3844528198,0.19109344482
BATT_MODEL_RAW:,505,5040.371573,3.575012207,3.3837203979,0.19129180908
BATT_MODEL_RAW:,506,5050.3717749,3.5745048523,3.3811759949,0.19332885742
BATT_MODEL_RAW:,507,5060.3725699,3.5739974976,3.3807067871,0.19329071045
BATT_MODEL_RAW:,508,5070.3734059,3.5734596252,3.3810462952,0.19241333008
BATT_MODEL_RAW:,509,5080.3737351,3.5729522705,3.3796653748,0.19328689575
BATT_MODEL_RAW:,510,5090.3744849,3.5724258423,3.3795013428,0.19292449951
BATT_MODEL_RAW:,511,5100.3752711,3.5719070435,3.3792114258,0.19269561768
BATT_MODEL_RAW:,512,5110.3761699,3.5713844299,3.3788223267,0.19256210327
BATT_MODEL_RAW:,513,5120.3768413,3.5708694458,3.3785858154,0.19228363037
BATT_MODEL_RAW:,514,5130.3778812,3.5703468323,3.3784866333,0.19186019897
BATT_MODEL_RAW:,515,5140.3782802,3.5698394775,3.3785705566,0.1912689209
BATT_MODEL_RAW:,516,5150.3791639,3.5693206787,3.3781394958,0.19118118286
BATT_MODEL_RAW:,517,5160.3800456,3.5687980652,3.3776702881,0.1911277771
BATT_MODEL_RAW:,518,5170.3801875,3.5682792664,3.3774757385,0.19080352783
BATT_MODEL_RAW:,519,5180.3813916,3.5677833557,3.3775138855,0.19026947021
BATT_MODEL_RAW:,520,5190.3823016,3.5673370361,3.3774032593,0.18993377686
BATT_MODEL_RAW:,521,5200.383011,3.566734314,3.3770256042,0.18970870972
BATT_MODEL_RAW:,522,5210.3842069,3.5663070679,3.3765983582,0.18970870972
BATT_MODEL_RAW:,523,5220.3844974,3.5657196045,3.376083374,0.18963623047
BATT_MODEL_RAW:,524,5230.3854313,3.5651817322,3.3757019043,0.18947982788
BATT_MODEL_RAW:,525,5240.3861539,3.5647468567,3.3753814697,0.18936538696
BATT_MODEL_RAW:,526,5250.3864691,3.5641670227,3.3750419617,0.18912506104
BATT_MODEL_RAW:,527,5260.3869659,3.5636558533,3.3746986389,0.18895721436
BATT_MODEL_RAW:,528,5270.3875531,3.5631332397,3.374256134,0.18887710571
BATT_MODEL_RAW:,529,5280.387903,3.5626144409,3.374168396,0.18844604492
BATT_MODEL_RAW:,530,5290.3888011,3.5621604919,3.3738098145,0.18835067749
BATT_MODEL_RAW:,531,5300.389169,3.5615844727,3.3730697632,0.18851470947
BATT_MODEL_RAW:,532,5310.3894798,3.5610771179,3.372467041,0.1886100769
BATT_MODEL_RAW:,533,5320.3898467,3.5606575012,3.3721809387,0.1884765625
BATT_MODEL_RAW:,534,5330.3904771,3.5600547791,3.3718261719,0.18822860718
BATT_MODEL_RAW:,535,5340.3908388,3.5595245361,3.3712730408,0.18825149536
BATT_MODEL_RAW:,536,5350.3910321,3.5590858459,3.3709068298,0.18817901611
BATT_MODEL_RAW:,537,5360.3912367,3.5585670471,3.3705215454,0.18804550171
BATT_MODEL_RAW:,538,5370.3916882,3.5580635071,3.3701934814,0.18787002563
BATT_MODEL_RAW:,539,5380.3925742,3.5574760437,3.3695869446,0.18788909912
BATT_MODEL_RAW:,540,5390.3928318,3.5569648743,3.3688316345,0.18813323975
BATT_MODEL_RAW:,541,5400.3934203,3.5564460754,3.3684616089,0.18798446655
BATT_MODEL_RAW:,542,5410.3941184,3.5559272766,3.3682365417,0.18769073486
BATT_MODEL_RAW:,543,5420.3950691,3.5553970337,3.367603302,0.18779373169
BATT_MODEL_RAW:,544,5430.3953264,3.5548706055,3.3673324585,0.18753814697
BATT_MODEL_RAW:,545,5440.3954846,3.5543708801,3.3668937683,0.18747711182
BATT_MODEL_RAW:,546,5450.3962305,3.5538711548,3.3656959534,0.18817520142
BATT_MODEL_RAW:,547,5460.3973649,3.5533332825,3.3647956848,0.18853759766
BATT_MODEL_RAW:,548,5470.3978446,3.5528259277,3.364780426,0.18804550171
BATT_MODEL_RAW:,549,5480.3988857,3.5522918701,3.3647232056,0.18756866455
BATT_MODEL_RAW:,550,5490.3995906,3.5517692566,3.3647460938,0.18702316284
BATT_MODEL_RAW:,551,5500.40037,3.5512504578,3.364112854,0.18713760376
BATT_MODEL_RAW:,552,5510.4005483,3.5507202148,3.3638000488,0.18692016602
BATT_MODEL_RAW:,553,5520.4013935,3.5502052307,3.3632125854,0.18699264526
BATT_MODEL_RAW:,554,5530.4015353,3.5497016907,3.3626174927,0.187084198
BATT_MODEL_RAW:,555,5540.4025653,3.5492324829,3.36195755,0.18727493286
BATT_MODEL_RAW:,556,5550.4037492,3.548625946,3.3615112305,0.18711471558
BATT_MODEL_RAW:,557,5560.4049702,3.5481796265,3.3610992432,0.1870803833
BATT_MODEL_RAW:,558,5570.4059304,3.5475883484,3.3607673645,0.18682098389
BATT_MODEL_RAW:,559,5580.4066367,3.5470466614,3.3603363037,0.18671035767
BATT_MODEL_RAW:,560,5590.4069955,3.5465316772,3.359752655,0.18677902222
BATT_MODEL_RAW:,561,5600.4078729,3.5459899902,3.3591346741,0.18685531616
BATT_MODEL_RAW:,562,5610.4081549,3.5454521179,3.3583946228,0.18705749512
BATT_MODEL_RAW:,563,5620.4086179,3.5449371338,3.3578224182,0.18711471558
BATT_MODEL_RAW:,564,5630.4096431,3.5444068909,3.3573379517,0.18706893921
BATT_MODEL_RAW:,565,5640.4100318,3.5438766479,3.3568725586,0.18700408936
BATT_MODEL_RAW:,566,5650.4105463,3.5433425903,3.3561897278,0.18715286255
BATT_MODEL_RAW:,567,5660.4115604,3.5429458618,3.3552742004,0.18767166138
BATT_MODEL_RAW:,568,5670.4118315,3.5423164368,3.3546714783,0.1876449585
BATT_MODEL_RAW:,569,5680.4121842,3.5417327881,3.3543434143,0.18738937378
BATT_MODEL_RAW:,570,5690.4127979,3.5412025452,3.3537025452,0.1875
BATT_MODEL_RAW:,571,5700.4130364,3.5406723022,3.3530082703,0.18766403198
BATT_MODEL_RAW:,572,5710.4132163,3.5401191711,3.3522377014,0.18788146973
BATT_MODEL_RAW:,573,5720.4141536,3.5395812988,3.3520011902,0.18758010864
BATT_MODEL_RAW:,574,5730.4143482,3.539100647,3.3514938354,0.18760681152
BATT_MODEL_RAW:,575,5740.4154554,3.5384750366,3.3507003784,0.1877746582
BATT_MODEL_RAW:,576,5750.4160131,3.5379447937,3.3502922058,0.18765258789
BATT_MODEL_RAW:,577,5760.4169623,3.5374412537,3.3500442505,0.18739700317
BATT_MODEL_RAW:,578,5770.4180763,3.5369415283,3.349445343,0.1874961853
BATT_MODEL_RAW:,579,5780.4185592,3.5362968445,3.3490028381,0.18729400635
BATT_MODEL_RAW:,580,5790.4190869,3.535736084,3.3483085632,0.18742752075
BATT_MODEL_RAW:,581,5800.4193488,3.5351867676,3.3478469849,0.18733978271
BATT_MODEL_RAW:,582,5810.4197636,3.5347137451,3.3473701477,0.18734359741
BATT_MODEL_RAW:,583,5820.4207908,3.5340461731,3.3466720581,0.18737411499
BATT_MODEL_RAW:,584,5830.4210559,3.53358078,3.3459892273,0.18759155273
BATT_MODEL_RAW:,585,5840.4221521,3.5329437256,3.3457679749,0.18717575073
BATT_MODEL_RAW:,586,5850.4228056,3.5323638916,3.3457298279,0.18663406372
BATT_MODEL_RAW:,587,5860.4230577,3.5318069458,3.3449897766,0.18681716919
BATT_MODEL_RAW:,588,5870.4234936,3.5312385559,3.3445205688,0.18671798706
BATT_MODEL_RAW:,589,5880.4237379,3.5306434631,3.3435821533,0.18706130981
BATT_MODEL_RAW:,590,5890.4242991,3.5300788879,3.3426399231,0.18743896484
BATT_MODEL_RAW:,591,5900.4252607,3.5294837952,3.342086792,0.18739700317
BATT_MODEL_RAW:,592,5910.4263167,3.5289611816,3.3413238525,0.1876373291
BATT_MODEL_RAW:,593,5920.4264605,3.5283164978,3.3407325745,0.18758392334
BATT_MODEL_RAW:,594,5930.4270946,3.5278167725,3.3402290344,0.18758773804
BATT_MODEL_RAW:,595,5940.4279413,3.527141571,3.3397483826,0.18739318848
BATT_MODEL_RAW:,596,5950.428292,3.5265579224,3.3391189575,0.18743896484
BATT_MODEL_RAW:,597,5960.4287355,3.5260162354,3.3383865356,0.18762969971
BATT_MODEL_RAW:,598,5970.4297347,3.5253410339,3.3375320435,0.18780899048
BATT_MODEL_RAW:,599,5980.4302038,3.5247764587,3.3369827271,0.18779373169
BATT_MODEL_RAW:,600,5990.4303759,3.5241241455,3.3363800049,0.18774414063
BATT_MODEL_RAW:,601,6000.4313329,3.5235862732,3.3364143372,0.18717193604
BATT_MODEL_RAW:,602,6010.4320477,3.5229187012,3.3360328674,0.18688583374
BATT_MODEL_RAW:,603,6020.4329585,3.5223350525,3.3353157043,0.18701934814
BATT_MODEL_RAW:,604,6030.4331833,3.5216331482,3.3346061707,0.18702697754
BATT_MODEL_RAW:,605,6040.4342101,3.5210037231,3.3333129883,0.18769073486
BATT_MODEL_RAW:,606,6050.4346998,3.5203666687,3.3322982788,0.18806838989
BATT_MODEL_RAW:,607,6060.4357505,3.5197257996,3.3314857483,0.18824005127
BATT_MODEL_RAW:,608,6070.4361077,3.5190887451,3.3302536011,0.18883514404
BATT_MODEL_RAW:,609,6080.4372722,3.5184288025,3.3292999268,0.18912887573
BATT_MODEL_RAW:,610,6090.437496,3.5178451538,3.3285255432,0.1893196106
BATT_MODEL_RAW:,611,6100.4382895,3.5171127319,3.3272895813,0.18982315063
BATT_MODEL_RAW:,612,6110.4384409,3.5164337158,3.3266448975,0.18978881836
BATT_MODEL_RAW:,613,6120.4386939,3.5157623291,3.325378418,0.19038391113
BATT_MODEL_RAW:,614,6130.4388455,3.5151519775,3.3245162964,0.19063568115
BATT_MODEL_RAW:,615,6140.4390324,3.5144577026,3.3241615295,0.1902961731
BATT_MODEL_RAW:,616,6150.4399449,3.5137138367,3.3232727051,0.19044113159
BATT_MODEL_RAW:,617,6160.4408773,3.5130081177,3.3229141235,0.19009399414
BATT_MODEL_RAW:,618,6170.4417085,3.512298584,3.3223342896,0.18996429443
BATT_MODEL_RAW:,619,6180.4422978,3.5116157532,3.3215065002,0.19010925293
BATT_MODEL_RAW:,620,6190.4432141,3.5108909607,3.320728302,0.19016265869
BATT_MODEL_RAW:,621,6200.4442863,3.5101509094,3.3196907043,0.19046020508
BATT_MODEL_RAW:,622,6210.4447966,3.5094223022,3.3193206787,0.19010162354
BATT_MODEL_RAW:,623,6220.4452613,3.5087471008,3.3179359436,0.19081115723
BATT_MODEL_RAW:,624,6230.4457464,3.5079231262,3.3159790039,0.19194412231
BATT_MODEL_RAW:,625,6240.446065,3.5071640015,3.3145484924,0.19261550903
BATT_MODEL_RAW:,626,6250.4471447,3.5064277649,3.3135871887,0.19284057617
BATT_MODEL_RAW:,627,6260.4475844,3.5057220459,3.3118629456,0.19385910034
BATT_MODEL_RAW:,628,6270.4479254,3.5048599243,3.3110656738,0.19379425049
BATT_MODEL_RAW:,629,6280.4488499,3.5040855408,3.3111000061,0.19298553467
BATT_MODEL_RAW:,630,6290.4497994,3.5033683777,3.3105964661,0.19277191162
BATT_MODEL_RAW:,631,6300.4501297,3.502494812,3.3085021973,0.19399261475
BATT_MODEL_RAW:,632,6310.4510714,3.5017318726,3.3086357117,0.19309616089
BATT_MODEL_RAW:,633,6320.4512741,3.5008621216,3.3077201843,0.19314193726
BATT_MODEL_RAW:,634,6330.4523382,3.500038147,3.3063774109,0.19366073608
BATT_MODEL_RAW:,635,6340.4530753,3.4992790222,3.30701828,0.19226074219
BATT_MODEL_RAW:,636,6350.4539234,3.4983711243,3.3064994812,0.19187164307
BATT_MODEL_RAW:,637,6360.4549595,3.4975204468,3.3056945801,0.1918258667
BATT_MODEL_RAW:,638,6370.455726,3.4966850281,3.3042831421,0.19240188599
BATT_MODEL_RAW:,639,6380.4559251,3.4958267212,3.3032989502,0.192527771
BATT_MODEL_RAW:,640,6390.4567627,3.4949607849,3.3024330139,0.192527771
BATT_MODEL_RAW:,641,6400.4575915,3.4940986633,3.3012390137,0.19285964966
BATT_MODEL_RAW:,642,6410.4582572,3.4932327271,3.3009529114,0.19227981567
BATT_MODEL_RAW:,643,6420.4589363,3.4923362732,3.3005371094,0.19179916382
BATT_MODEL_RAW:,644,6430.4594701,3.4915313721,3.2996177673,0.19191360474
BATT_MODEL_RAW:,645,6440.4596092,3.4905815125,3.2990913391,0.19149017334
BATT_MODEL_RAW:,646,6450.4604346,3.4897041321,3.2979660034,0.19173812866
BATT_MODEL_RAW:,647,6460.4607633,3.4888153076,3.2972831726,0.19153213501
BATT_MODEL_RAW:,648,6470.4611515,3.4879417419,3.2953834534,0.19255828857
BATT_MODEL_RAW:,649,6480.4617738,3.4870605469,3.293712616,0.19334793091
BATT_MODEL_RAW:,650,6490.462259,3.4861869812,3.2934684753,0.19271850586
BATT_MODEL_RAW:,651,6500.4629246,3.4853172302,3.2928237915,0.19249343872
BATT_MODEL_RAW:,652,6510.4633135,3.4844551086,3.2917022705,0.19275283813
BATT_MODEL_RAW:,653,6520.463974,3.4835853577,3.2911643982,0.19242095947
BATT_MODEL_RAW:,654,6530.4645489,3.4828224182,3.2905845642,0.192237854
BATT_MODEL_RAW:,655,6540.4654394,3.4819107056,3.290058136,0.19185256958
BATT_MODEL_RAW:,656,6550.4660994,3.4811401367,3.2897796631,0.19136047363
BATT_MODEL_RAW:,657,6560.466909,3.4802627563,3.2896003723,0.19066238403
BATT_MODEL_RAW:,658,6570.4672738,3.4794311523,3.2892456055,0.19018554688
BATT_MODEL_RAW:,659,6580.4680741,3.4786872864,3.2893028259,0.18938446045
BATT_MODEL_RAW:,660,6590.4687752,3.4778251648,3.2881202698,0.18970489502
BATT_MODEL_RAW:,661,6600.4689509,3.4770355225,3.2869224548,0.19011306763
BATT_MODEL_RAW:,662,6610.4691758,3.4762496948,3.2871742249,0.18907546997
BATT_MODEL_RAW:,663,6620.4693217,3.4754600525,3.2860145569,0.18944549561
BATT_MODEL_RAW:,664,6630.4701299,3.4747695923,3.2857894897,0.18898010254
BATT_MODEL_RAW:,665,6640.4712686,3.4739112854,3.2848472595,0.18906402588
BATT_MODEL_RAW:,666,6650.4716465,3.4731407166,3.2839775085,0.18916320801
BATT_MODEL_RAW:,667,6660.4725929,3.472366333,3.2834472656,0.18891906738
BATT_MODEL_RAW:,668,6670.4733932,3.471660614,3.2823600769,0.18930053711
BATT_MODEL_RAW:,669,6680.4743507,3.4708099365,3.2814903259,0.1893196106
BATT_MODEL_RAW:,670,6690.4746671,3.4700469971,3.2810287476,0.18901824951
BATT_MODEL_RAW:,671,6700.4751867,3.4692726135,3.2805900574,0.18868255615
BATT_MODEL_RAW:,672,6710.4761384,3.4685554504,3.2799339294,0.188621521
BATT_MODEL_RAW:,673,6720.4766208,3.4677772522,3.2790527344,0.18872451782
BATT_MODEL_RAW:,674,6730.4775554,3.4669036865,3.278263092,0.18864059448
BATT_MODEL_RAW:,675,6740.4782669,3.4661712646,3.2774162292,0.1887550354
BATT_MODEL_RAW:,676,6750.4786117,3.4652786255,3.2768783569,0.18840026855
BATT_MODEL_RAW:,677,6760.4788592,3.4645423889,3.2760162354,0.18852615356
BATT_MODEL_RAW:,678,6770.4793857,3.4636154175,3.2749481201,0.18866729736
BATT_MODEL_RAW:,679,6780.4800543,3.4627799988,3.2736625671,0.18911743164
BATT_MODEL_RAW:,680,6790.4811196,3.4620018005,3.2724952698,0.18950653076
BATT_MODEL_RAW:,681,6800.481592,3.4610519409,3.2710151672,0.19003677368
BATT_MODEL_RAW:,682,6810.481876,3.4601669312,3.2703094482,0.18985748291
BATT_MODEL_RAW:,683,6820.4828832,3.4592628479,3.2693939209,0.189868927
BATT_MODEL_RAW:,684,6830.4839092,3.4583778381,3.2677116394,0.19066619873
BATT_MODEL_RAW:,685,6840.4848913,3.4574394226,3.2666091919,0.19083023071
BATT_MODEL_RAW:,686,6850.4853412,3.4565010071,3.2658157349,0.19068527222
BATT_MODEL_RAW:,687,6860.486415,3.4555664063,3.2653999329,0.19016647339
BATT_MODEL_RAW:,688,6870.4875586,3.454624176,3.2647171021,0.18990707397
BATT_MODEL_RAW:,689,6880.4883348,3.4537086487,3.2635650635,0.19014358521
BATT_MODEL_RAW:,690,6890.4885872,3.4527168274,3.2628555298,0.18986129761
BATT_MODEL_RAW:,691,6900.4894706,3.4516716003,3.2621498108,0.18952178955
BATT_MODEL_RAW:,692,6910.4900318,3.4506530762,3.2611160278,0.18953704834
BATT_MODEL_RAW:,693,6920.4902848,3.4496459961,3.2602424622,0.18940353394
BATT_MODEL_RAW:,694,6930.4907929,3.4486198425,3.2597923279,0.18882751465
BATT_MODEL_RAW:,695,6940.4918846,3.4475784302,3.2588043213,0.18877410889
BATT_MODEL_RAW:,696,6950.492181,3.446521759,3.2576179504,0.18890380859
BATT_MODEL_RAW:,697,6960.4927105,3.4454574585,3.2569503784,0.18850708008
BATT_MODEL_RAW:,698,6970.4933823,3.4444503784,3.256362915,0.18808746338
BATT_MODEL_RAW:,699,6980.4941378,3.4433097839,3.2550048828,0.18830490112
BATT_MODEL_RAW:,700,6990.4945901,3.4422111511,3.2535591125,0.18865203857
BATT_MODEL_RAW:,701,7000.4949885,3.4411277771,3.2529258728,0.1882019043
BATT_MODEL_RAW:,702,7010.4960468,3.4399833679,3.252456665,0.18752670288
BATT_MODEL_RAW:,703,7020.4966079,3.4388580322,3.2510528564,0.18780517578
BATT_MODEL_RAW:,704,7030.4970782,3.4377288818,3.2505226135,0.18720626831
BATT_MODEL_RAW:,705,7040.4980243,3.4365882874,3.2492713928,0.18731689453
BATT_MODEL_RAW:,706,7050.4985116,3.4354171753,3.2480773926,0.18733978271
BATT_MODEL_RAW:,707,7060.4988093,3.4342651367,3.2462348938,0.18803024292
BATT_MODEL_RAW:,708,7070.4990776,3.4330787659,3.2449913025,0.18808746338
BATT_MODEL_RAW:,709,7080.5000097,3.4319534302,3.2438087463,0.18814468384
BATT_MODEL_RAW:,710,7090.5011523,3.4306907654,3.2426452637,0.18804550171
BATT_MODEL_RAW:,711,7100.5016306,3.4294700623,3.2411231995,0.18834686279
BATT_MODEL_RAW:,712,7110.5027395,3.4282264709,3.2397880554,0.18843841553
BATT_MODEL_RAW:,713,7120.5036729,3.4269866943,3.2388725281,0.18811416626
BATT_MODEL_RAW:,714,7130.5039091,3.4257316589,3.2378463745,0.18788528442
BATT_MODEL_RAW:,715,7140.5041887,3.4244613647,3.2362670898,0.1881942749
BATT_MODEL_RAW:,716,7150.5046,3.4231758118,3.2353553772,0.18782043457
BATT_MODEL_RAW:,717,7160.5049492,3.4219169617,3.2342300415,0.18768692017
BATT_MODEL_RAW:,718,7170.5051739,3.4205780029,3.2326622009,0.187915802
BATT_MODEL_RAW:,719,7180.5057113,3.4192504883,3.2312202454,0.18803024292
BATT_MODEL_RAW:,720,7190.5066248,3.4179229736,3.2299537659,0.18796920776
BATT_MODEL_RAW:,721,7200.507504,3.4165611267,3.2286911011,0.18787002563
BATT_MODEL_RAW:,722,7210.5081853,3.4152526855,3.2276725769,0.18758010864
BATT_MODEL_RAW:,723,7220.5093332,3.413860321,3.2265357971,0.18732452393
BATT_MODEL_RAW:,724,7230.5102767,3.4124031067,3.2253952026,0.18700790405
BATT_MODEL_RAW:,725,7240.5107426,3.4109573364,3.2237701416,0.18718719482
BATT_MODEL_RAW:,726,7250.5113117,3.4095840454,3.2223205566,0.18726348877
BATT_MODEL_RAW:,727,7260.5119086,3.4080467224,3.2206497192,0.18739700317
BATT_MODEL_RAW:,728,7270.5128059,3.4065589905,3.2191123962,0.18744659424
BATT_MODEL_RAW:,729,7280.5132808,3.4050598145,3.2174377441,0.18762207031
BATT_MODEL_RAW:,730,7290.5142153,3.403503418,3.2157402039,0.18776321411
BATT_MODEL_RAW:,731,7300.5149241,3.4019355774,3.2140579224,0.18787765503
BATT_MODEL_RAW:,732,7310.5159176,3.4003410339,3.2127380371,0.18760299683
BATT_MODEL_RAW:,733,7320.5162453,3.3987579346,3.2110214233,0.18773651123
BATT_MODEL_RAW:,734,7330.5172238,3.3970603943,3.2093353271,0.18772506714
BATT_MODEL_RAW:,735,7340.517424,3.3953514099,3.2080841064,0.18726730347
BATT_MODEL_RAW:,736,7350.5177572,3.3935966492,3.2064552307,0.18714141846
BATT_MODEL_RAW:,737,7360.5189183,3.3917884827,3.2047996521,0.18698883057
BATT_MODEL_RAW:,738,7370.5199273,3.3900222778,3.2026939392,0.18732833862
BATT_MODEL_RAW:,739,7380.5201093,3.3880310059,3.2005653381,0.18746566772
BATT_MODEL_RAW:,740,7390.5209667,3.3860397339,3.198890686,0.18714904785
BATT_MODEL_RAW:,741,7400.5217972,3.3839683533,3.1966171265,0.18735122681
BATT_MODEL_RAW:,742,7410.5226953,3.3818092346,3.1943740845,0.18743515015
BATT_MODEL_RAW:,743,7420.5230502,3.3795433044,3.1920204163,0.18752288818
BATT_MODEL_RAW:,744,7430.5234532,3.377243042,3.1897506714,0.18749237061
BATT_MODEL_RAW:,745,7440.5239176,3.3746299744,3.1872901917,0.18733978271
BATT_MODEL_RAW:,746,7450.5250145,3.3719673157,3.1845932007,0.18737411499
BATT_MODEL_RAW:,747,7460.5256786,3.3691253662,3.1818504333,0.18727493286
BATT_MODEL_RAW:,748,7470.5262382,3.3660888672,3.1789398193,0.18714904785
BATT_MODEL_RAW:,749,7480.5263848,3.3628540039,3.1758117676,0.18704223633
BATT_MODEL_RAW:,750,7490.5270744,3.3593826294,3.172542572,0.18684005737
BATT_MODEL_RAW:,751,7500.5274617,3.3556747437,3.168964386,0.18671035767
BATT_MODEL_RAW:,752,7510.5283428,3.3516807556,3.1651725769,0.18650817871
BATT_MODEL_RAW:,753,7520.5286212,3.347442627,3.1611099243,0.18633270264
BATT_MODEL_RAW:,754,7530.5292174,3.3429069519,3.1567611694,0.18614578247
BATT_MODEL_RAW:,755,7540.5303806,3.3381500244,3.1519126892,0.18623733521
BATT_MODEL_RAW:,756,7550.5305475,3.3329544067,3.1469802856,0.18597412109
BATT_MODEL_RAW:,757,7560.5310287,3.3275146484,3.1416168213,0.18589782715
BATT_MODEL_RAW:,758,7570.531172,3.3217544556,3.1357040405,0.18605041504
BATT_MODEL_RAW:,759,7580.5313574,3.3156814575,3.1293029785,0.186378479
BATT_MODEL_RAW:,760,7590.5318214,3.3093032837,3.1225395203,0.18676376343
BATT_MODEL_RAW:,761,7600.532926,3.3026695251,3.1158218384,0.18684768677
BATT_MODEL_RAW:,762,7610.533952,3.2955551147,3.1085548401,0.18700027466
BATT_MODEL_RAW:,763,7620.5349241,3.2882041931,3.1014595032,0.18674468994
BATT_MODEL_RAW:,764,7630.5356491,3.2804870605,3.0941123962,0.18637466431
BATT_MODEL_RAW:,765,7640.5363102,3.2724456787,3.0860290527,0.18641662598
BATT_MODEL_RAW:,766,7650.5367257,3.2640686035,3.0777359009,0.18633270264
BATT_MODEL_RAW:,767,7660.5378271,3.2554244995,3.0689544678,0.18647003174
BATT_MODEL_RAW:,768,7670.5383546,3.2462425232,3.0595283508,0.18671417236
BATT_MODEL_RAW:,769,7680.5393808,3.2367858887,3.0498886108,0.18689727783
BATT_MODEL_RAW:,770,7690.5402193,3.2269935608,3.0403633118,0.18663024902
BATT_MODEL_RAW:,771,7700.5410812,3.2166366577,3.0303268433,0.18630981445
BATT_MODEL_RAW:,772,7710.5420372,3.2059288025,3.0196228027,0.18630599976
BATT_MODEL_RAW:,773,7720.5430585,3.1948776245,3.0089645386,0.18591308594
BATT_MODEL_RAW:,774,7730.5438031,3.1831436157,2.9977035522,0.18544006348
BATT_MODEL_RAW.capacity:,2.1473732786

BATT_MODEL:,Index,Timestamp,Voc,Vload,ESR
BATT_MODEL:,1,7730.5023325,3.1831436157,2.9977035522,0.18544006348
BATT_MODEL:,2,7650.495255,3.2640686035,3.0777359009,0.18633270264
BATT_MODEL:,3,7580.4898867,3.3156814575,3.1293029785,0.186378479
BATT_MODEL:,4,7500.4859911,3.3556747437,3.168964386,0.18671035767
BATT_MODEL:,5,7420.4815796,3.3795433044,3.1920204163,0.18752288818
BATT_MODEL:,6,7340.4759533,3.3953514099,3.2080841064,0.18726730347
BATT_MODEL:,7,7270.4713352,3.4065589905,3.2191123962,0.18744659424
BATT_MODEL:,8,7190.4651542,3.4179229736,3.2299537659,0.18796920776
BATT_MODEL:,9,7110.4612688,3.4282264709,3.2397880554,0.18843841553
BATT_MODEL:,10,7030.4556075,3.4377288818,3.2505226135,0.18720626831
BATT_MODEL:,11,6960.4512398,3.4454574585,3.2569503784,0.18850708008
BATT_MODEL:,12,6880.4468641,3.4537086487,3.2635650635,0.19014358521
BATT_MODEL:,13,6800.4401214,3.4610519409,3.2710151672,0.19003677368
BATT_MODEL:,14,6730.4360847,3.4669036865,3.278263092,0.18864059448
BATT_MODEL:,15,6650.4301758,3.4731407166,3.2839775085,0.18916320801
BATT_MODEL:,16,6570.4258032,3.4794311523,3.2892456055,0.19018554688
BATT_MODEL:,17,6490.4207883,3.4861869812,3.2934684753,0.19271850586
BATT_MODEL:,18,6420.4174656,3.4923362732,3.3005371094,0.19179916382
BATT_MODEL:,19,6340.4116047,3.4992790222,3.30701828,0.19226074219
BATT_MODEL:,20,6260.4061137,3.5057220459,3.3118629456,0.19385910034
BATT_MODEL:,21,6180.4008271,3.5116157532,3.3215065002,0.19010925293
BATT_MODEL:,22,6110.3969702,3.5164337158,3.3266448975,0.18978881836
BATT_MODEL:,23,6030.3917126,3.5216331482,3.3346061707,0.18702697754
BATT_MODEL:,24,5950.3868213,3.5265579224,3.3391189575,0.18743896484
BATT_MODEL:,25,5870.3820229,3.5312385559,3.3445205688,0.18671798706
BATT_MODEL:,26,5800.3778782,3.5351867676,3.3478469849,0.18733978271
BATT_MODEL:,27,5720.3726829,3.5395812988,3.3520011902,0.18758010864
BATT_MODEL:,28,5640.3685612,3.5438766479,3.3568725586,0.18700408936
BATT_MODEL:,29,5570.3644598,3.5475883484,3.3607673645,0.18682098389
BATT_MODEL:,30,5490.3581199,3.5517692566,3.3647460938,0.18702316284
BATT_MODEL:,31,5410.3526477,3.5559272766,3.3682365417,0.18769073486
BATT_MODEL:,32,5330.3490065,3.5600547791,3.3718261719,0.18822860718
BATT_MODEL:,33,5260.3454953,3.5636558533,3.3746986389,0.18895721436
BATT_MODEL:,34,5180.3399209,3.5677833557,3.3775138855,0.19026947021
BATT_MODEL:,35,5100.3338004,3.5719070435,3.3792114258,0.19269561768
BATT_MODEL:,36,5020.3284673,3.5760612488,3.3851165771,0.19094467163
BATT_MODEL:,37,4950.3238036,3.5797309875,3.3886566162,0.19107437134
BATT_MODEL:,38,4870.3171038,3.5839576721,3.3920021057,0.19195556641
BATT_MODEL:,39,4790.3123993,3.5882301331,3.3962783813,0.19195175171
BATT_MODEL:,40,4720.3081082,3.5920219421,3.4002037048,0.1918182373
BATT_MODEL:,41,4640.3030044,3.596446991,3.4055938721,0.1908531189
BATT_MODEL:,42,4560.2979827,3.6009063721,3.4109649658,0.18994140625
BATT_MODEL:,43,4480.2911561,3.6054916382,3.4137382507,0.19175338745
BATT_MODEL:,44,4410.2865592,3.6095962524,3.4183425903,0.19125366211
BATT_MODEL:,45,4330.2826574,3.6144065857,3.4228401184,0.19156646729
BATT_MODEL:,46,4250.2790521,3.6194038391,3.4277229309,0.1916809082
BATT_MODEL:,47,4170.2734041,3.624622345,3.4321784973,0.19244384766
BATT_MODEL:,48,4100.2684884,3.6291923523,3.43516922,0.19402313232
BATT_MODEL:,49,4020.262949,3.6346702576,3.4436836243,0.1909866333
BATT_MODEL:,50,3940.2600573,3.6403808594,3.4491043091,0.19127655029
BATT_MODEL:,51,3870.255967,3.645614624,3.4542388916,0.19137573242
BATT_MODEL:,52,3790.2505537,3.6516342163,3.4583282471,0.19330596924
BATT_MODEL:,53,3710.2434579,3.6579742432,3.4643211365,0.19365310669
BATT_MODEL:,54,3630.2397692,3.6645507813,3.470085144,0.19446563721
BATT_MODEL:,55,3560.2343206,3.6704673767,3.4765357971,0.19393157959
BATT_MODEL:,56,3480.2293462,3.6774291992,3.4845237732,0.19290542603
BATT_MODEL:,57,3400.2235117,3.6846618652,3.4928741455,0.19178771973
BATT_MODEL:,58,3320.2170971,3.6920700073,3.5010566711,0.19101333618
BATT_MODEL:,59,3250.2126723,3.6987800598,3.5081672668,0.19061279297
BATT_MODEL:,60,3170.2072283,3.7066574097,3.5154685974,0.19118881226
BATT_MODEL:,61,3090.203365,3.7147750854,3.522983551,0.19179153442
BATT_MODEL:,62,3010.1978829,3.7231254578,3.5304489136,0.19267654419
BATT_MODEL:,63,2940.1925807,3.7306194305,3.5372200012,0.19339942932
BATT_MODEL:,64,2860.1871489,3.7393894196,3.5455665588,0.19382286072
BATT_MODEL:,65,2780.1818723,3.7484016418,3.5550079346,0.19339370728
BATT_MODEL:,66,2710.1772936,3.756526947,3.5627861023,0.19374084473
BATT_MODEL:,67,2630.1715575,3.7659835815,3.5727539063,0.19322967529
BATT_MODEL:,68,2550.1663929,3.7755336761,3.5819396973,0.19359397888
BATT_MODEL:,69,2470.1620716,3.7853775024,3.5906791687,0.19469833374
BATT_MODEL:,70,2400.1568358,3.7941417694,3.5993118286,0.1948299408
BATT_MODEL:,71,2320.1529477,3.8042888641,3.6109542847,0.19333457947
BATT_MODEL:,72,2240.1471752,3.8145847321,3.6215705872,0.1930141449
BATT_MODEL:,73,2160.1415736,3.8250637054,3.6324691772,0.1925945282
BATT_MODEL:,74,2090.1371947,3.8343429565,3.6415977478,0.19274520874
BATT_MODEL:,75,2010.1312419,3.8450679779,3.6519050598,0.19316291809
BATT_MODEL:,76,1930.1249658,3.8559169769,3.6642227173,0.19169425964
BATT_MODEL:,77,1860.1215998,3.865530014,3.6738624573,0.19166755676
BATT_MODEL:,78,1780.1173893,3.876625061,3.6841316223,0.19249343872
BATT_MODEL:,79,1700.1114753,3.8878517151,3.6978263855,0.19002532959
BATT_MODEL:,80,1620.1064592,3.8992595673,3.7103500366,0.18890953064
BATT_MODEL:,81,1550.1028573,3.9091949463,3.7194442749,0.18975067139
BATT_MODEL:,82,1470.097828,3.9207458496,3.7322006226,0.18854522705
BATT_MODEL:,83,1390.0930733,3.9324913025,3.7445220947,0.18796920776
BATT_MODEL:,84,1310.0881101,3.9442367554,3.7564506531,0.18778610229
BATT_MODEL:,85,1240.085097,3.9545288086,3.7662220001,0.18830680847
BATT_MODEL:,86,1160.079997,3.9664745331,3.7780456543,0.18842887878
BATT_MODEL:,87,1080.0760778,3.9785480499,3.7892799377,0.18926811218
BATT_MODEL:,88,1000.0702689,3.9907302856,3.7987918854,0.19193840027
BATT_MODEL:,89,930.06524628,4.0014419556,3.810968399,0.19047355652
BATT_MODEL:,90,850.06038216,4.0137844086,3.8256187439,0.18816566467
BATT_MODEL:,91,770.0545804,4.0262413025,3.8378829956,0.18835830688
BATT_MODEL:,92,700.05210628,4.0372390747,3.8506469727,0.18659210205
BATT_MODEL:,93,620.04607256,4.0499191284,3.8636035919,0.1863155365
BATT_MODEL:,94,540.04115066,4.0627784729,3.8778133392,0.18496513367
BATT_MODEL:,95,460.03466876,4.0756912231,3.8884849548,0.18720626831
BATT_MODEL:,96,390.02843914,4.087266922,3.8982963562,0.1889705658
BATT_MODEL:,97,310.02171272,4.1007957458,3.9093151093,0.1914806366
BATT_MODEL:,98,230.01602688,4.1148509979,3.9226436615,0.19220733643
BATT_MODEL:,99,150.01011568,4.1300601959,3.936498642,0.19356155396
BATT_MODEL:,100,80.00569268,4.1461925507,3.9474830627,0.19870948792
BATT_MODEL:,101,0,4.1869735718,3.9285964966,0.2583770752
BATT_MODEL.capacity:,2.1474
